"IRISUNC";"COUNT_09";"NEM_SUM_09";"NEM_MEAN_09";"NEM_SD_09";"NEM100_SUM_09";"NEM100_MEAN_09";"NEM100_SD_09";"COUNT_14";"NEM_SUM_14";"NEM_MEAN_14";"NEM_SD_14";"NEM100_SUM_14";"NEM100_MEAN_14";"NEM100_SD_14";"COUNT_19";"NEM_SUM_19";"NEM_MEAN_19";"NEM_SD_19";"NEM100_SUM_19";"NEM100_MEAN_19";"NEM100_SD_19"
"0101";173;5572,28135704675;32,2097188268598;15,6460670694541;8765,07330374459;50,6651636054601;24,6109117598024;181;9075,02050673327;50,1382348438302;14,8745480850302;13304,673578548;73,5064838593813;21,8072242098967;199;11167,4380493255;56,1177791423393;13,6699169886241;15974,0548538899;80,2716324316075;19,5536346707194
"0201";434;30679,9017025541;70,6910177478204;16,3785815804948;48258,7956608647;111,195381707061;25,7631406179539;502;37446,5539449958;74,5947289740951;17,1712311731224;54899,5097597856;109,361573226665;25,1743371302221;730;55303,9716523487;75,75886527719;15,9070816444694;79107,55115995;108,366508438288;22,7537053379407
"0204";189;11955,4153143752;63,2561656845247;19,7985548166795;18805,599518892;99,5005265549839;31,1426816337883;351;22568,2121915081;64,2969008305074;18,1255036320554;33086,723742017;94,2641702051766;26,5733734807936;331;21437,3154370441;64,7653034351785;19,2344564906197;30664,2267634666;92,6411684696876;27,5132274483022
"0205";162;7546,38272551884;46,5826094167829;18,6983194880704;11870,290376425;73,2733973853395;29,4120361963622;164;8190,3244482974;49,9410027335208;15,101363102449;12007,6415481538;73,217326513133;22,1397523587016;179;10239,6213850867;57,2045887435012;15,7813783711255;14646,8933130386;81,8262196259142;22,573897670789
"0301";542;37682,7804801649;69,5254252401567;15,0397367065767;59274,1665457849;109,361930896282;23,6571677299562;621;44714,237465559;72,0036030041207;15,112947642922;65554,489199396;105,56278454009;22,1567361803288;608;43484,0133166772;71,5197587445349;16,2338959852624;62200,1224380944;102,302832957392;23,2211850037159
"0302";332;23088,0577477054;69,5423426135705;16,890726273495;36316,9957927213;109,388541544341;26,5687327064785;431;31612,9575803042;73,3479294206593;14,5703498853063;46347,0116840358;107,533669800547;21,3612464021876;472;35797,2268276646;75,8415822620013;15,9808994392519;51204,8387854536;108,484827935283;22,8592953128159
"0303";39;2541,93072619841;65,1777109281645;18,5878194912731;3998,39988696804;102,523074024821;29,2382221855591;57;3935,83142125057;69,0496740570275;14,1110768200723;5770,22964092246;101,232098963552;20,6879169907748;42;2911,65817378959;69,325194614038;14,0650634486499;4164,87534369631;99,163698659436;20,1188575266595
"0304";355;24532,0256085077;69,104297488754;16,0779884951141;38588,3247758096;108,699506410731;25,2903144523065;446;31613,8512339418;70,8830745155646;15,8782880271935;46348,3218485619;103,920004144758;23,2787836712032;519;37025,9883405953;71,3410179972934;16,9261716782598;52962,4759197011;102,04715976821;24,2114255445733
"0305";292;12500,4978935164;42,8099242928644;17,8860946797518;19663,0021618373;67,3390484994429;28,134424832566;282;15074,566313955;53,455908914734;15,1294223136496;22100,466218951;78,3704475849328;22,1808893066147;267;15502,7843681212;58,062862801952;12,9037718107161;22175,3930302171;83,053906480214;18,4577302167266
"0401";452;20407,1439561249;45,1485485754976;17,8686019008452;32099,9786683963;71,0176519212308;28,1069090846024;511;28000,6346371478;54,7957624993108;14,4188778359656;41051,0701946104;80,3347753319186;21,1391768023165;511;29708,5193432328;58,1380026286357;15,1748088257032;42495,4690163079;83,1613875074518;21,7062523658876
"0403";418;16862,0107808796;40,3397387102384;17,2634392258465;26523,5638821498;63,4535021104061;27,1550018015386;454;24581,2988615645;54,1438300915517;14,3052656733118;36038,0626409819;79,3789926012817;20,972612689592;496;26575,26295089;53,5791591751815;15,2148505606797;38013,6165751736;76,6403559983339;21,763528606699
"0404";9;391,075643325787;43,4528492584208;16,3241711903011;615,153195149553;68,350355016617;25,6775542973832;25;1204,41385855765;48,176554342306;14,9671282826338;1765,76275829897;70,6305103319587;21,9429538545889;55;2889,21185246181;52,5311245902147;17,2004776009498;4132,7678212212;75,1412331131127;24,6037964569028
"0501";598;33559,1564078564;56,1189906485892;22,0788679325395;52787,7985835565;88,2739106748437;34,7295629011399;994;64945,7498327984;65,3377764917489;16,5018876525096;95215,4324277625;95,7901734685739;24,1930283775793;1240;86552,4393655734;69,8003543270753;13,5505651149608;123805,783211589;99,8433735577333;19,3829121318174
"0502";363;7031,48328904732;19,3704773802956;12,6836761378782;11060,3651383495;30,4693254499987;19,9511374221741;344;13300,7948699436;38,6651013661151;19,0760909030723;19499,9817299065;56,6859934008909;27,9670070642569;267;9962,41195179686;37,3124043138459;16,2088635820108;14250,3691797657;53,3721692126057;23,185378314581
"0503";628;47858,7424492388;76,2081886134376;12,7824804753843;75280,7259565468;119,873767446731;20,1065544238432;722;56457,0702284865;78,1953881280977;12,6322700029915;82770,3794205047;114,64041470984;18,5198731860921;660;53255,3745450713;80,6899614319262;12,8380657157161;76177,2100718124;115,420015260322;18,3637433272422
"0504";446;32508,7058819728;72,889475071688;13,0490373816704;51135,4635216016;114,653505653815;20,5258424449448;604;43922,5996093568;72,7195357770808;14,1071497260156;64393,887605011;106,612396697038;20,6821595707781;629;46873,5509302822;74,520748696792;15,6467907449105;67048,56301416;106,595489688649;22,3813817047889
"0505";456;32658,8787532099;71,6203481430041;12,4454191431229;51371,6820720095;112,657197526337;19,5763645256979;532;40409,5867966786;75,9578699185689;11,3270914884361;59243,5423561754;111,360042022886;16,6063817416365;578;44543,9492063394;77,0656560663312;12,1651150861188;63716,2691109736;110,235759707567;17,4011456191854
"0506";724;42431,2639252637;58,6067181288173;10,5239097168922;66743,4242539002;92,1870500744477;16,5538733958398;887;58618,0638684616;66,0857540794381;12,0720794111858;85938,5612404637;96,8867657727888;17,6985909685788;880;58651,173332808;66,6490606054636;13,0317991105026;83895,4338430259;95,3357202761657;18,6408622028232
"0507";342;22007,2386044434;64,3486508901854;11,8258684219239;34616,8915783493;101,218981223244;18,6018251694198;346;24017,3294101851;69,4142468502458;11,5352251379129;35211,240326552;101,766590539168;16,9115215774028;341;24204,8187200731;70,9818730793934;12,2812119952827;34622,9009961924;101,533434006429;17,5672122127192
"0508";751;52613,7897997781;70,058308654831;14,3746161817474;82760,3085403563;110,200144527771;22,6109480970258;797;58572,4464194862;73,4911498362437;12,4338839425912;85871,6825741671;107,743641874739;18,2290240608256;888;66005,0247693685;74,3299828483879;13,6667091558968;94414,4826809166;106,322615631663;19,5490461432772
"0509";198;14270,5640062901;72,0735555873237;13,6433342596442;22447,2763642366;113,370082647659;21,4606580735633;224;16427,5067808017;73,3370838428648;14,1084474345343;24083,9803354479;107,517769354678;20,6840621106378;239;18251,6229131048;76,3666230673842;11,5627321333501;26107,3689684859;109,235853424627;16,5394888732
"0510";214;15968,1955946236;74,617736423475;16,7262154394265;25117,6126880977;117,372021906999;26,3099608628696;1007;70303,8868829259;69,8151806185957;12,4612281886751;103070,870813624;102,354390083043;18,2691128152396;1854;137080,672495194;73,9377953048509;12,5587258406196;196082,053213503;105,761625250001;17,964171781113
"0512";418;30163,5861149588;72,1616892702365;14,4677315488392;47446,6428489082;113,508714949541;22,7574164761274;472;35390,8493606967;74,9806130523236;13,3247579699507;51885,6897416677;109,92730877472;19,5351134657838;506;38602,4178544676;76,2893633487501;12,3590506553886;55217,4220780465;109,125340075191;17,6785536878895
"0513";235;18365,4730435448;78,1509491214673;16,0887408480652;28888,4762218702;122,929686050511;25,307227661774;245;19716,391978588;80,4750693003592;13,3953651188594;28905,7373729553;117,982601522267;19,6386289419027;279;22558,690265751;80,8555206657742;12,6992667238646;32268,2565280748;115,65683343396;18,1652033667152
"0514";454;27443,2428660611;60,4476715111479;22,8978170899544;43167,60407464;95,0828283582378;36,0177515148939;501;32876,3222431926;65,6214016830192;19,4151071505197;48199,2008265212;96,2059896736949;28,4640307907339;448;31075,5339368461;69,3650311090315;16,917701221431;44450,865232342;99,220681322192;24,1993092882374
"0515";619;40685,4267851116;65,7276684735244;15,5113504685391;63997,2616807412;103,388144880034;24,3990055751374;670;47820,833314461;71,3743780812851;13,4723231779269;70108,9961208347;104,640292717664;19,7514553376526;666;48280,1700559594;72,4927478317708;14,1560059349235;69060,6100900293;103,694609744789;20,2489428925121
"0601";205;13069,676718806;63,7545205795413;15,6902316871417;20558,3076582644;100,28442760129;24,6803817105568;227;15751,7635231093;69,3910287361645;14,4834074475316;23093,2890791768;101,73255100959;21,2337821442438;261;18856,4599670833;72,246973053959;12,9210113329849;26972,5360941277;103,343050169072;18,482389863206
"0701";402;20456,0636887174;50,8857305689487;16,1308263478799;32176,928307996;80,0421102188955;25,3734272068552;420;23365,8317338761;55,6329326997049;15,6083201022;34256,0949454432;81,5621308224839;22,8829900621363;445;27027,4065518826;60,7357450604103;14,6394345577691;38660,368914626;86,8772335160134;20,9404457515535
"0704";172;7019,63354599842;40,8118229418513;14,6389012301687;11041,7257589286;64,196079993771;23,0266625367799;188;8678,71365010606;46,1633704792875;14,8548524819066;12723,6574408486;67,6790289406838;21,7783489505739;210;10229,0524017751;48,7097733417864;14,2283916864531;14631,7752959587;69,6751204569461;20,3524844532951
"0705";16;496,493585882939;31,0308491176837;13,2003532601581;780,973248883;48,8108280551875;20,7638589200619;18;683,907633985371;37,9948685547429;12,9305611422166;1002,66085584063;55,703380880035;18,9571907916907;24;1076,71082024288;44,8629508434535;14,6172732910528;1540,14176110656;64,17257337944;20,908745975061
"0801";420;22092,8841723676;52,6021051723037;18,7175412413283;34751,6101312893;82,7419288840221;29,4422715821111;413;24362,0670490558;58,9880558088519;15,464853988053;35716,652050086;86,4809976999662;22,6726577750751;438;25149,5195890574;57,4189944955649;17,4259450582886;35974,2139325184;82,1329085217314;24,9263081659796
"0803";291;15397,8845261195;52,9136925296203;17,2133431763651;24220,5261985481;83,2320487922616;27,0762018419175;315;19031,4535938272;60,4173129962768;13,3757934665839;27901,5653577076;88,5763979609765;19,6099354039954;322;20151,0823861669;62,5810011992762;14,4920048652281;28824,3815618325;89,5167129249457;20,7295603196988
"0805";260;11587,9449266347;44,5690189485949;17,3114093349682;18227,5768601065;70,1060648465634;27,2304577047672;256;14266,2222323439;55,7274305950932;15,7180277408203;20915,3720214219;81,7006719586795;23,0438298442429;317;18031,4132781849;56,8814298996369;15,4297815440997;25792,3781199109;81,3639688325265;22,0709688005723
"0807";91;4879,54210971333;53,6213418649817;17,4147792836918;7675,41004121394;84,3451652880653;27,3930563102417;95;5338,18236328915;56,1913932977805;18,3730445571221;7826,18329001331;82,3808767369822;26,93628739409;87;5104,16357739626;58,6685468666237;15,7420140007908;7301,06481078525;83,9202851814397;22,5175903415486
"0808";24;957,174069832648;39,8822529096937;13,6514827241977;1505,61329354215;62,7338872309231;21,4734754251197;76;3548,92316602827;46,6963574477403;18,2144682675561;5202,99257112643;68,460428567453;26,7038024351406;48;2267,14400197423;47,2321667077966;17,034656272681;3242,9535305451;67,5615318863563;24,3666033798505
"0901";255;12858,4502762712;50,4252952010635;17,160696760486;20226,0532127553;79,3178557362952;26,9933902132879;252;14638,4875207483;58,0892361934455;12,5583547837671;21461,1413828432;85,1632594557271;18,4115078260869;300;16285,1784008306;54,2839280027686;16,0702837305705;23294,5400665072;77,6484668883574;22,9871518154705
"0902";238;11660,2984013365;48,9928504257835;18,3837251131632;18341,3872492283;77,0646523076821;28,9171863170536;279;16733,6665664634;59,9772995213743;14,5101580000211;24532,8339780469;87,9313045808132;21,2730004984782;361;19894,7616459944;55,1101430636965;16,0153581395968;28457,7368985158;78,8302961177722;22,9085855051654
"1001";445;23105,0038857477;51,921357046624;19,7177801333259;36343,6516868944;81,6711273862794;31,0156248727751;460;27812,8955687883;60,4628164538875;15,8323668374126;40775,8303733217;88,6431095072211;23,2114596976739;452;28503,0293172208;63,0597993743823;15,4927053256312;40771,1197325886;90,2015923287359;22,1609758311337
"1004";71;2481,70386825856;34,9535756092755;14,8565108921087;3903,66439339331;54,9811886393424;23,3689576429119;80;4383,16866954688;54,789608369336;13,9599745185171;6426,06023256602;80,3257529070752;20,4663894694136;57;3158,69629512438;55,4157244758663;15,879346021156;4518,24202312392;79,2674039144548;22,7140319261645
"1006";19;936,102211862207;49,2685374664319;20,0801443840947;1472,46773467273;77,4983018248803;31,5856156928956;20;1143,30046921634;57,1650234608171;17,2479008795112;1676,16585922182;83,808292961091;25,286740778909;31;1652,75481381073;53,3146714132494;19,2304073522948;2364,12290260592;76,2620291163199;27,5074355059223
"1101";632;42739,7789391787;67,6262324987004;14,9534234723174;67228,7114350384;106,374543409871;23,5213989528808;875;64119,3767210511;73,2792876812012;11,897850568774;94003,9062942701;107,43303576488;17,4431581709848;1023;74762,2605683602;73,0813886298732;12,0887003811403;106940,951545456;104,536609526349;17,291840988743
"1102";228;15643,3785207677;68,6113093016129;14,7620086747627;24606,6827331602;107,924047075264;23,2203077795383;547;38913,7610163549;71,1403309256946;12,4539483198276;57050,5474507845;104,297161701617;18,2584399711795;669;49227,961861327;73,5843974010867;11,6828691924793;70416,3443436816;105,256120095189;16,7113345520422
"1103";164;7555,5765583343;46,0705887703311;16,5124210142516;11884,7520687565;72,4680004192467;25,9736670383985;192;10040,1231847146;52,2923082537217;15,9776188646289;14719,5878578928;76,6645200931917;23,4244102697746;187;11309,9444759051;60,4809865021662;13,4783860685775;16177,8979793372;86,5128234189155;19,2796662448793
"1105";2;63,5910159777694;31,7955079888847;34,5715209734424;100,027238538462;50,0136192692312;54,3802252861769;11;363,202006723335;33,0183642475759;14,4846396084188;532,481897858217;48,4074452598379;21,2355885862664;20;1041,93165951201;52,0965829756002;13,0335142092966;1490,39317787436;74,519658893718;18,6433155034006
"1107";360;14792,35725812;41,0898812725556;17,0649597283549;23268,0454188904;64,6334594969179;26,8427980140174;516;27810,1837239374;53,8957048913516;16,2214599180326;40771,8546015305;79,0152220959893;23,7818998884679;548;32540,6590630672;59,3807647136263;14,3262897410871;46546,6000849282;84,9390512498689;20,4925191584714
"1108";42;1035,06901326637;24,644500315866;15,940228367615;1628,14028840113;38,7652449619316;25,0736208687466;81;2950,78503496038;36,429444876054;17,8828200171186;4326,0763610929;53,4083501369494;26,2175807553445;61;3371,49263441504;55,2703710559843;17,9065843587703;4822,62879308155;79,0594884111729;25,613821140479
"1201";805;55737,9463436811;69,2396848989827;14,7262965507953;87674,5365495098;108,912467763366;23,1641334113846;896;64959,6099479811;72,4995646740861;13,139290435724;95235,7524158145;106,289902249793;19,2632038871252;868;63778,9367836957;73,4780377692347;14,0572303042483;91230,2562329473;105,103981835193;20,1076528906636
"1202";195;10249,9642276663;52,5639191162375;16,7431501872437;16122,9632998773;82,6818630762937;26,3365988404746;211;12422,2177889027;58,8730700895864;13,567861417632;18211,9205879874;86,3124198482814;19,8915216981201;189;11164,0622188069;59,0691122688196;15,2647169301689;15969,2260201284;84,4932593657589;21,8348581379725
"1203";171;9094,44900565608;53,1839123137782;18,291723525004;14305,3638328826;83,65709843791;28,7724698871741;200;11619,2193849564;58,0960969247819;17,9059149658775;17034,663562433;85,1733178121652;26,2514397151478;235;15012,4328181127;63,8826928430329;16,9153862192748;21473,9875222637;91,3786703075053;24,195997877754
"1206";13;492,914525724983;37,9165019788448;16,3141994491975;775,343467715664;59,6418052088972;25,6618689728029;3;93,5778852434829;31,1926284144943;18,6231161570658;137,192331015848;45,7307770052828;27,3029114701511;3;186,998190653101;62,3327302177003;17,6470405353537;267,484748236522;89,1615827455074;25,2425661351741
"1301";880;56636,3411457058;64,3594785746657;17,0317317638345;89087,6913762114;101,236012927513;26,7905311728272;1033;71670,9089968774;69,3813252631921;14,8249919103086;105075,0297009;101,71832497667;21,7345710706578;1092;76500,491225708;70,055394895337;15,2468947962235;109427,340253998;100,208187045785;21,8093651158489
"1303";182;9231,08121884003;50,720226477143;21,8425548245723;14520,2832325816;79,7817760031955;34,3578476948808;179;9857,90513560292;55,0720957296253;20,3848028665846;14452,4422727394;80,7399009650246;29,8856788149106;170;10004,380118574;58,849294815141;20,2848032482871;14310,4010147536;84,1788294985507;29,0156576967151
"1401";341;17881,3366343319;52,4379373440819;17,0538933419828;28126,9405340865;82,4836965808988;26,8253908370383;478;26812,5095838134;56,0931162841285;14,4332440822765;39309,188069564;82,2367951246108;21,1602388172809;505;28315,6125743796;56,0705199492666;14,848371970159;40503,0362816253;80,2040322408422;21,2393126601321
"1402";816;43283,514372532;53,0435225153578;16,9808300872062;68083,9950479447;83,4362684411087;26,7104639798154;922;53790,5802442729;58,3411933235064;15,2245470979103;78861,1013297161;85,5326478630327;22,3203495098042;1027;59579,4562708903;58,0131025033012;15,5416492660392;85223,2623483072;82,9827286741063;22,2309859073382
"1403";948;49224,5951932273;51,9246784738684;17,5934189796674;77429,181616999;81,6763519166657;27,6740525359984;1044;61973,8056757025;59,3618828311327;15,0981761857533;90858,3351766328;87,0290566825985;22,1350800952805;1163;67644,4658098708;58,1637711176877;16,5216722611451;96759,5613816025;83,1982471036995;23,6328240919557
"1501";549;27279,6182132375;49,6896506616348;16,8187110522983;42910,2261742069;78,160703413856;26,4554543825159;612;35226,4126118914;57,5594977318486;15,4960419212165;51644,6129016154;84,3866223882604;22,7183816684836;642;36887,3696286002;57,4569620383181;14,9258100796835;52764,193833926;82,1872178098536;21,350081182318
"1502";191;7481,66563843474;39,1710242849986;16,4530549230811;11768,4918533516;61,6151405934637;25,880285511601;222;11237,0526807011;50,6173544175724;15,0472390484956;16474,3779687053;74,2089097689429;22,0604023594301;269;14099,2646288363;52,4136231555251;16,6381818358172;20167,7793586813;74,9731574672169;23,7994809678296
"1503";459;20139,89654544;43,8777702515032;18,6449746938181;31679,6044993987;69,0187461860538;29,3281260342518;575;27938,5191908069;48,5887290274902;16,3276891962635;40960,0042033943;71,2347899189466;23,9376401284264;626;33125,5489450651;52,9162123723084;15,909254123205;47383,2345052179;75,6920678997091;22,7568128809902
"1601";240;14202,825120634;59,1784380026417;19,5651439025844;22340,7246199427;93,0863525830947;30,7755315132458;248;15550,8055326828;62,7048610188822;18,3731970136149;22798,6693079441;91,9301181771938;26,9365109069592;268;17991,8421223342;67,1337392624409;16,1581746390964;25735,7750018637;96,0290112009839;23,1128721631232
"1701";414;30415,3658642431;73,467067304935;16,6003104037395;47842,6867342522;115,562045251817;26,1119150722148;551;41227,6059350941;74,8232412615139;14,2036232732361;60442,8209263503;109,696589702995;20,8235971635396;593;46195,2847823806;77,9009861422944;14,1739047654727;66078,3619166243;111,430627178119;20,2745456224982
"1702";430;28837,7478095197;67,0645297895808;15,467172936439;45361,1290007264;105,490997676108;24,3295153103025;449;32817,0376865568;73,0891707941132;13,1712746839101;48112,2851359502;107,154309879622;19,3100952392114;519;38360,7840514619;73,9128787118727;13,6289716291564;54871,7858088577;105,725984217452;19,4950658731796
"1703";294;20058,6073235897;68,2265555224138;14,8193225705221;31551,7383808975;107,318838030263;23,3104612490897;268;19703,531659216;73,5206405194626;12,3177377643074;28886,8831619666;107,786877470025;18,0587448875371;299;22115,6668458334;73,9654409559645;12,7499730699774;31634,5498193324;105,801169964322;18,2377344119442
"1704";255;17654,0728176785;69,2316581085431;14,2121595671468;27769,4596596262;108,899841802456;22,3554074944589;236;16704,3249303584;70,7810378405017;14,0543188312113;24489,8168972206;103,770410581443;20,6047054416428;286;21328,0388977331;74,5735625794863;13,5755134359182;30507,9161194776;106,671035382789;19,4185985484982
"1705";404;27817,0052035554;68,8539732761272;13,397271326726;43755,5238289383;108,305752051827;21,0736066118428;419;30449,2410376154;72,6712196601801;12,5541862326706;44640,9143009013;106,54156157733;18,4053964116175;452;34004,9523228853;75,2321954046135;12,3294173763419;48641,1450245285;107,613152709134;17,6361658436139
"1706";1004;72082,3198679907;71,7951393107477;13,9449033859269;113383,868664118;112,932140103704;21,935019529607;1109;83592,0132391869;75,3760263653624;12,3920420185981;122552,27953434;110,507014909234;18,1676806026797;1208;93212,323269853;77,1625192631234;12,4379373887819;133332,171478765;110,37431413805;17,7913943413055
"1707";543;37108,8823758646;68,340483196804;13,7570685343852;58371,4377295683;107,498043700862;21,6395595308618;759;53985,4788816288;71,1271131510261;12,8672067950601;79146,8376262897;104,277783433847;18,8643084772019;844;62409,8248129791;73,9452900627714;13,237227688005;89271,859900257;105,772345853385;18,9347100263872
"1708";441;30740,3984173184;69,7061188601324;12,9743163716896;48353,9556331576;109,646157898317;20,4083079760537;523;38316,7750043464;73,2634321306815;12,9142161903991;56175,3203353373;107,409790316132;18,9332278432403;598;45859,7604327954;76,6885625966477;11,9260762421696;65598,4233361355;109,696360093872;17,0592212146273
"1709";225;10196,095262595;45,3159789448667;18,6844005153562;16038,2286288525;71,2810161282333;29,3901419651962;325;18427,0751595899;56,6986927987381;14,9776472737952;27015,500386342;83,1246165733599;21,9583754994959;395;23001,3590730067;58,2312887924221;16,583569428828;32901,4559940558;83,294825301407;23,7213626401438
"1710";311;17880,9100091009;57,4948874890705;20,4079336682402;28126,2694621892;90,4381654732771;32,1012208678;376;24848,1568023894;66,08552341061;16,4247263362324;36429,2967755918;96,8864275946589;24,0799039912269;391;26433,343381107;67,6044587752098;14,187103005596;37810,6128976479;96,702334776593;20,2934245641832
"1711";551;36743,4723453926;66,6850677774821;15,5006657511942;57796,6559664472;104,894112461792;24,3821987549579;616;43806,2591454873;71,1140570543625;15,9361862454232;64223,3235942066;104,258642198387;23,3636668837264;597;42662,1140367687;71,4608275322759;14,3974065421583;61024,4665603862;102,218536952071;20,5942455953074
"1712";636;43796,4841639813;68,8623964842473;19,6886585165859;68890,8849977807;108,319001568838;30,9698172243284;711;50297,6195096858;70,742080885634;15,3006789244735;73740,1539597475;103,713296708506;22,4319645855619;793;58574,5333979226;73,8644809557663;15,2213280252034;83785,8070406698;105,656755410681;21,7727940598101
"1713";634;45322,2301563193;71,4861674389894;14,8377797593429;71290,8491433142;112,446134295448;23,3394939921673;724;53717,3319479928;74,1952098729182;12,4306739666198;78753,7137297135;108,775847692974;18,2243179907441;879;67060,9440398584;76,2923140385192;12,957145896103;95924,883927253;109,129560781858;18,5340772323966
"1714";593;39945,5475162765;67,3618001960818;15,8699154322378;62833,448224147;105,958597342575;24,9630202021087;715;50409,0580127205;70,50217903877;13,4586319864163;73903,5313213589;103,361582267635;19,7313830046134;526;37721,3634868936;71,7136187963757;15,0042338728063;53957,1499605992;102,580133004941;21,4622596396921
"1715";111;5812,5565334433;52,3653741751649;22,9344458189372;9143,02075457146;82,3695563474906;36,0753676821306;170;9547,28261596589;56,1604859762699;18,6881102464979;13997,0459210892;82,3355642417013;27,3981977721255;116;7617,18172628081;65,6653597093173;16,1319108286474;10895,7200559538;93,9286211720153;23,0753040524311
"1801";945;74414,6701776293;78,74568272765;11,9692818986022;117052,603267431;123,865188642784;18,8274113441454;976;78691,4209244464;80,6264558652115;10,7183111278025;115367,636696257;118,204545795345;15,7138632097773;1058;84796,5591756078;80,1479765364913;11,2862728408154;121294,148372203;114,644752714748;16,1440377514377
"1802";553;42026,0942491695;75,9965537959665;11,4038728514855;66106,1014620549;119,540870636627;17,9380356240354;596;46663,3954903721;78,2942877355237;10,9132809906505;68412,1038189889;114,785409092263;15,9997039283655;641;50752,3067633947;79,1767656215206;11,4116259154292;72596,7879668587;113,255519449078;16,3233444895759
"1803";930;69230,4010330457;74,4412914333824;12,2112088043726;108897,864450959;117,094477904257;19,2079569281447;984;74227,9660205666;75,4349248176489;11,885849851628;108823,870708661;110,593364541322;17,4255642025506;1014;79434,1689850533;78,3374447584352;11,2579685174624;113623,712711533;112,054943502498;16,1035508634115
"1804";484;38132,7652472258;78,7867050562516;11,2916953542942;59981,9824682291;123,929715843449;17,7615829428246;782;54685,6664520223;69,9305197596193;20,2614500076974;80173,3661130221;102,523486078033;29,704834097121;658;49453,5381034524;75,1573527408091;15,9914287151327;70739,0116599926;107,506096747709;22,8743565318483
"1805";1017;79992,1897408305;78,655053825792;12,842673696873;125825,916151696;123,722631417597;20,2012370080364;1097;87055,4830333908;79,3577785172204;11,9686975376356;127629,990932001;116,344567850502;17,5470252414817;974;78777,0505894971;80,87992873665;11,094986992822;112683,761645787;115,691747069596;15,8704198799865
"1806";1004;74209,2260433244;73,9135717562992;11,8585194898015;116729,444262775;116,264386715912;18,6531845651601;1124;86141,4353826293;76,6382877069656;10,7716845983287;126289,9272242;112,357586498399;15,7921127963848;1132;87530,790018665;77,3240194511175;10,7591926691021;125205,229255507;110,605326197444;15,3900951248337
"1807";1034;78562,5214828651;75,9792277397148;12,3244467110665;123577,0801224;119,513617139652;19,3860776096639;1307;101643,756081908;77,7687498713906;10,9720799676354;149017,514061148;114,01493042169;16,0859077220602;1351;105148,02749018;77,8297760845153;12,4823206496669;150405,164683936;111,328767345623;17,8548807596622
"1808";1156;85347,7041304847;73,8301938845023;12,7978165976944;134250,019888888;116,133235198;20,1306777994644;1438;109277,687677026;75,9928287044685;11,2577307239364;160209,441166839;111,411294274575;16,5046935603103;1437;110937,238282841;77,2005833561872;11,6882750221338;158686,130322987;110,428761533046;16,7190671241013
"1809";540;42517,7153488382;78,7365099052559;12,0835140487793;66879,4103996616;123,850759999373;19,007095948312;572;46179,7404503105;80,7338119760674;10,2650942679859;67703,0285692014;118,361938058044;15,0494126583234;619;49502,4744593263;79,971687333322;11,4944431129837;70809,0108871767;114,392586247458;16,4418073322384
"1810";726;50046,4468093106;68,9344997373424;18,5412659411059;78721,935732988;108,432418364997;29,16499449772;777;55434,936991859;71,3448352533577;14,9063152884442;81271,8539838928;104,596980674251;21,8537973577605;618;44832,252234592;72,5440974669773;15,2068924729103;64128,6616729478;103,768060959463;21,7521452500152
"1811";1080;78420,1588379716;72,611258183307;14,2920193956583;123353,146882448;114,215876743008;22,4810252093725;1176;89135,9996087766;75,795918034674;13,0126562969968;130680,187225191;111,122608184687;19,0775485623338;1158;88759,612934105;76,6490612557038;13,1960516510389;126962,954220737;109,639856840014;18,8758112646249
"1812";864;60744,6820456637;70,3063449602589;14,4481931711302;95550,0192519142;110,590300060086;22,726683047235;1114;79046,6966176388;70,9575373587422;13,2748104605366;115888,498012747;104,029172363328;19,4618865999798;1302;94640,2520400736;72,6883656221763;13,4798094363139;135374,700159219;103,974424085422;19,2817022493952
"1813";1330;94678,4283500031;71,186788233085;14,4006562694276;148927,039321454;111,975217534928;22,6519085695376;1277;96332,1063668235;75,4362618377631;13,9119334888938;141230,229661036;110,595324714985;20,3959576486765;1168;90115,8973508366;77,1540217044834;13,722157271918;128903,001846222;110,362159114916;19,6283598804975
"1814";1129;86383,7061277797;76,513468669424;13,0491202757019;135879,627740191;120,353966111773;20,5259728353927;1279;99652,3181142004;77,9142440298674;12,1783269059927;146097,913814227;114,228235976722;17,8543579154298;1242;98012,1441215532;78,9147698241169;13,5847028546209;140197,9003268;112,880757106924;19,4317432176501
"1815";1069;77871,5909692513;72,8452675109927;13,888201599257;122490,261957348;114,583968154675;21,8458288938926;894;68900,3088865242;77,0696967410785;11,9845676456198;101013,118209065;112,990065110811;17,5702920325847;826;66847,6522994596;80,9293611373603;10,6847027982763;95619,788528831;115,762455846042;15,2835438032706
"1816";618;36818,8759755983;59,5774692161785;11,4283468881033;57915,2641816058;93,7140197113363;17,9765327334325;695;42521,8761261141;61,1825555771425;11,8928631319632;62340,3199348857;89,6983020645838;17,4358462074789;716;43411,4479103846;60,6305138413193;13,0164735668779;62096,3238967017;86,7267093529353;18,6189403373563
"1817";1152;85084,5639764237;73,8581284517567;15,0967630809553;133836,106342224;116,177175644291;23,7468689348394;1359;103289,372953563;76,0039536082144;13,1719575225247;151430,11415351;111,427604233635;19,3110963328032;1554;120550,043469573;77,5740305467006;13,2894908729952;172436,417244157;110,96294545956;19,0094679950623
"1818";626;49365,0749655697;78,8579472293445;10,2876713385446;77650,1531407569;124,041778180123;16,1822757375923;700;56189,768522444;80,2710978892057;10,3985294047955;82378,4946921731;117,683563845962;15,2450387660378;738;59930,9518542055;81,2072518349668;10,6245582609421;85726,0463981472;116,159954469034;15,1975122413049
"1819";819;55097,5268303293;67,2741475339796;21,2334776427237;86667,1710523283;105,820721675615;33,3997829805445;965;70507,7837208909;73,0650608506641;15,4538985944595;103369,799159935;107,118962860037;22,6565963308526;820;61682,874718092;75,2230179488926;13,9279840744213;88232,0206246347;107,600025151994;19,9227773305041
"1820";782;55340,6678801382;70,7681174937828;14,2964840682372;87049,6264576048;111,316657874175;22,4880480389685;893;66407,235680228;74,3642056889451;13,1383667967096;97358,0823672632;109,023608473979;19,2618497617454;810;60295,0364523102;74,4383166077904;13,3540344367489;86246,8379454916;106,477577710483;19,101791984084
"1821";446;32313,8437352154;72,452564428734;14,387914512197;50828,9497454632;113,966255034671;22,6318660718624;614;45966,2473941502;74,8635951044791;12,8921842218344;67390,0314336695;109,755751520634;18,9009272936352;579;44500,9506617291;76,8582912983232;11,5855839332709;63654,7634095578;109,939142330842;16,5721763977542
"1822";937;60874,9155621632;64,967892809139;13,9842057721612;95754,8736455783;102,193034840532;21,9968412995936;1122;76621,1843825507;68,2898256528972;14,1140147774047;112332,511717766;100,118103135263;20,6922242607436;1135;79657,4952008262;70,182815154913;13,333704608234;113943,161559631;100,390450713331;19,0727119216354
"1823";262;9622,3074445101;36,7263642920233;25,3106374533415;15135,6732903734;57,7697453831047;39,8130637036999;334;11088,2572342096;33,1983749527233;21,8877234106052;16256,232473158;48,6713547100539;32,0890751860649;1379;88304,8219531958;64,0354038819404;23,4030508539849;126312,415033144;91,5971102488355;33,4760413658627
"1824";654;39994,8518424864;61,1542077102239;15,7680862803877;62911,0028208608;96,1941939156893;24,8028452354775;756;49139,0545181666;64,9987493626542;13,8869686219404;72041,6091443105;95,2931337887704;20,3593572459005;692;45996,781509869;66,4693374420073;15,4093164165941;65794,4201432497;95,0786418255054;22,0416952046121
"1825";148;9550,97731581352;64,5336305122535;12,5995252375883;15023,4726015119;101,509950010215;19,818769947821;98;6599,40301625802;67,3408471046737;13,4910897860799;9675,22915011069;98,726828062354;19,7789686193545;79;5608,99976849349;70,9999970695379;12,9748949971272;8023,1893458126;101,559358807754;18,5594657872394
"1826";1525;109142,438194394;71,5688119307503;13,9646732884258;171678,601640153;112,576132223051;21,9661171417891;1491;110540,738514834;74,1386576222896;12,9890596992291;162061,170217774;108,692937771814;19,0429541467476;1515;113553,513141577;74,9528139548361;14,0188908866645;162428,485366436;107,213521694017;20,0528116677398
"1827";1141;76151,2377226152;66,7407867858153;13,4726963895747;119784,184975784;104,981757209276;21,1922485400672;1140;77364,6144888249;67,8636969200219;13,4351923605797;113422,437066706;99,4933658479877;19,6970187218739;1087;75648,638041824;69,5939632399485;14,4765601887752;108208,837905767;99,5481489473476;20,7074680450186
"1828";505;24774,7344834509;49,0588801652494;19,5675389845443;38970,1003797383;77,1685156034423;30,7792989233246;836;53207,5114620032;63,6453486387599;17,378758115676;78006,2779366247;93,3089449002688;25,4785874872743;710;45051,478809435;63,4527870555423;16,632616177583;64442,2463390553;90,763727238106;23,7915197748023
"1829";718;44779,1585399843;62,3665160724015;14,7065012397897;70436,6096996544;98,1011277153961;23,1329958321927;770;52131,2800205817;67,7029610656906;13,9339903981904;76428,4403975846;99,2577148020579;20,4282947633007;761;53569,5491772226;70,3936257256539;13,453523264254;76626,6097269095;100,691997013022;19,2441021523514
"1830";375;26773,4032921709;71,3957421124557;13,9029060344424;42113,9614836261;112,30389728967;21,8689586398676;373;28032,4545467767;75,154033637471;12,0830620751238;41097,720613813;110,181556605397;17,7146923932103;365;27498,3696140567;75,3379989426212;12,3495578349773;39334,0408666078;107,764495524953;17,6649750288185
"1831";263;17131,7806057796;65,1398502120898;30,2296778164607;26947,905752001;102,463519969586;47,5506036095579;396;27713,9226863386;69,9846532483297;22,4838490781157;40630,7285641143;102,60284990938;32,9630409707304;369;25408,7950904065;68,8585232802345;24,5760115151315;36345,0851262986;98,4961656539258;35,1538602048704
"1832";404;18981,9971920153;46,9851415643943;23,4609037977997;29858,254847287;73,9065714041758;36,9034742475385;391;20328,6854960652;51,9915230078395;20,4938326435585;29803,4064612236;76,2235459366333;30,0455248000413;357;18653,3731155399;52,2503448614563;21,7776959887259;26682,0379071372;74,7396019807764;31,1511117213009
"1833";539;36715,4985498219;68,1178080701705;14,0614376705199;57752,6538148955;107,147780732645;22,1183253394555;536;38094,351884287;71,0715520229236;13,7718389199322;55849,2310436914;104,196326574051;20,1905683045115;493;36820,8268811027;74,6872756208979;13,4216966135373;52669,0101853614;106,833692059557;19,1985768794896
"1834";606;43790,0947613907;72,2608824445391;13,5457678424113;68880,8346111464;113,66474358275;21,307188292654;737;55071,0581108617;74,7232810188083;12,7492105190917;80738,3797366221;109,550040348198;18,6913169193229;761;56899,9221342732;74,7699371015417;12,83874870765;81390,4203757675;106,951932162638;18,3647202881681
"1835";542;42660,872949346;78,7100976925203;10,970815955978;67104,5940869233;123,809214182515;17,2568468629879;582;47994,1351397075;82,4641497245833;9,57217017140093;70363,0698404213;120,898745430277;14,0335329792711;567;47684,6829803845;84,0999699830414;10,6137506388834;68208,8173003134;120,297737743057;15,1820528721243
"1836";477;32459,5922087327;68,0494595570915;13,9946492395194;51058,2088177231;107,04027005812;22,0132686389676;523;38153,229391879;72,9507254146826;13,1426027494903;55935,5499692573;106,951338373341;19,2680599922346;559;40438,4220437602;72,3406476632561;13,7683966909062;57843,6673728215;103,477043600754;19,6945013725807
"1837";741;53874,2814950023;72,7048333265888;14,2840391270496;84743,0336397322;114,36306833972;22,4684724262561;995;73835,5044910413;74,2065371769259;11,6055192607207;108248,492114354;108,792454386286;17,0145781333361;990;74337,659620748;75,0885450714627;12,1896384251125;106333,59659097;107,407673324212;17,4362241359012
"1838";948;62216,3747874163;65,6290873284982;14,3751104905539;97864,9588494524;103,233078955119;22,6117256336659;973;68385,0072958791;70,2826385363609;14,131592829578;100257,646697683;103,039719113755;20,7179950285494;987;71047,7987739323;71,9835853839233;14,6137337534951;101627,735014073;102,966296873427;20,9036829725303
"1839";497;32287,7909194246;64,9653740833493;17,8926991187983;50787,9692519197;102,189072941488;28,1448134667112;619;42529,1357723895;68,7061967243772;14,3832967955924;62350,9631311098;100,72853494525;21,0870122780161;599;41518,2195995943;69,3125535886383;14,762694303612;59388,2244423843;99,1456167652493;21,1167581638251
"1840";681;40305,1376541172;59,1852241616993;15,0112544772514;63399,0754269965;93,0970270587321;23,6123658235387;609;41670,0271629416;68,4236899227283;12,8149939530487;61091,4442563321;100,314358384782;18,7877604606928;426;30872,7734707072;72,4712992270122;11,9906896226237;44160,833911461;103,663929369627;17,1516450704042
"1841";645;42543,9995446655;65,9596892165356;13,1581280882654;66920,7548488009;103,753108292715;20,697439673942;581;40458,7579454135;69,6364164292832;13,5029186799469;59315,6310178941;102,0923081203;19,796310681731;529;37379,7606985412;70,6611733431781;14,8498532828624;53468,5166988537;101,074700753977;21,2414315499147
"1842";557;33430,5630798361;60,0189642366895;17,4878801411892;52585,5241694972;94,4084814533163;27,508042315699;617;40814,2202453368;66,1494655515994;13,3233285545453;59836,7659141128;96,9801716598262;19,5330178335632;613;41543,3800306176;67,7706036388541;14,3923545316656;59424,2142641803;96,9399906430347;20,5870191309763
"1843";418;28576,1991772565;68,3641128642501;19,002821691014;44949,7188820715;107,535212636535;29,8910113160548;445;32089,9296482921;72,1122014568362;15,7344556837592;47046,2891860488;105,721998170896;23,0679144640195;421;31304,699068148;74,3579550312303;15,3444640948896;44778,6661444085;106,362627421398;21,9489295640297
"1844";722;43112,2979725261;59,7123240616705;11,330598156791;67814,6754998647;93,9261433516131;17,8227761765751;824;52755,4680351601;64,0236262562622;12,7510658559792;77343,547727584;93,8635287956116;18,6940369849853;813;52495,6805916232;64,5703328310248;13,2073065551558;75090,5335367873;92,3622798730471;18,8919104321283
"1845";517;26942,610724312;52,11336697159;16,7944956064574;42380,1209704187;81,9731546816608;26,4173640305974;457;27585,8880955121;60,3629936444467;15,8180082245598;40443,0200695225;88,4967616400931;23,1904088739423;345;20221,0811730388;58,6118294870688;18,80724207658;28924,5087759936;83,8391558724453;26,9021341559912
"1901";198;11733,7329841463;59,2612776977085;16,8542576537893;18456,8981970996;93,2166575611091;26,5113683875354;254;16668,2006016499;65,6228370143696;15,1906991602456;24436,8558707023;96,2080939791431;22,2707258465186;275;17920,0860480233;65,1639492655392;16,0532441133147;25633,1341399149;93,211396872418;22,9627781158331
"1902";53;2599,98590153956;49,0563377648973;16,3062307896045;4089,71937263674;77,1645164648442;25,6493344504071;67;3465,41755552205;51,7226500824187;18,7074872637953;5080,56696460155;75,8293576806201;27,4266059602807;69;4085,02707060969;59,2032908784013;16,101691805555;5843,27812854852;84,6851902688192;23,0320783519279
"1903";240;10228,7088043889;42,6196200182869;15,091681674186;16089,5289969066;67,0397041537777;23,7388759962268;285;14968,6616465238;52,5216198123642;14,8371416545559;21945,2018832318;77,0007083622168;21,7523835242113;318;16201,5290270593;50,9482044876077;14,8490717779746;23174,886867697;72,877002728607;21,2403136747234
"2001";233;6775,41712282741;29,0790434456112;16,0307423297134;10657,578815529;45,7406816117124;25,2159972962759;230;9487,97616307826;41,2520702742533;16,1302854241898;13910,0981289398;60,4786875171295;23,6482311129134;279;12548,9907803497;44,9784615783145;17,4449539232698;17950,2466188628;64,3378015013004;24,9534987042731
"2002";409;15274,7685650909;37,3466224085351;16,9888339217863;24026,8675596295;58,7453974563069;26,723053831675;474;20711,4549172065;43,6950525679462;15,5882403849661;30364,575683966;64,0602862530928;22,8535516621736;529;27567,8041737549;52,1130513681567;16,5728240997666;39433,361002567;74,5432155057976;23,7059923757114
"2003";114;3440,44840042505;30,1793719335531;14,700555021099;5411,74798888092;47,4714735866748;23,1236425638696;154;5905,00044169823;38,3441587123262;16,0528321024434;8657,18190936159;56,2154669439064;23,5346786242279;160;6711,56602286292;41,9472876428933;17,5267676513456;9600,31507058069;60,0019691911293;25,0705261705829
"2101";602;37155,4660822127;61,7200433259347;15,4028977039567;58444,7128524019;97,0842406186078;24,2284118145843;690;46396,1210159711;67,2407550956103;13,7848657401735;68020,2590143248;98,580085528007;20,2096666184986;719;49460,3579216429;68,7904838965827;13,3670980751572;70748,7668204321;98,3988411967067;19,1204783896504
"2102";449;27071,1312250781;60,2920517262318;10,6752248208541;42582,2808288443;94,8380419350653;16,7918886526452;456;30143,9575373623;66,1051700380751;10,5169976899809;44193,3453596773;96,9152310519238;15,4187223255001;895;63566,2724644265;71,0237681166776;11,6670511689193;90926,0583062189;101,593361235999;16,6887082365962
"2103";208;13710,7705400346;65,9171660578589;13,3597322625236;21566,7338265772;103,686220320082;21,014558507771;581;40618,6309619133;69,9115851323809;11,1199615441757;59550,0170776246;102,495726467512;16,3027134144208;865;63057,1493521574;72,8984385574074;11,6913065902236;90197,8017010022;104,274915261274;16,7234035202153
"2104";782;52714,2199003806;67,409488363658;13,799936791475;82918,2828308271;106,033609758091;21,7069903355394;953;68208,5539395001;71,5724595377755;12,8124803857009;99998,9525926154;104,93069527032;18,7840753788733;1096;81411,5451512954;74,2806068898681;12,225307181451;116452,178399617;106,251987590891;17,4872452087565
"2105";134;5984,52363219759;44,6606241208776;15,6099105427431;9413,52113490626;70,2501577231811;24,5540383561236;138;7532,35091434693;54,582253002514;13,5648305498524;11043,0020648557;80,0217540931574;19,8870782143354;159;9346,90255949827;58,7855506886684;14,6985388991431;13369,936196638;84,0876490354589;21,024989403109
"2106";472;29719,9116822605;62,9659145810603;15,6028689810256;46748,752940553;99,043968094392;24,5429621378439;575;38403,5664117171;66,7888111508124;14,6154887553022;56302,5631711671;97,9175011672471;21,4274234351269;544;37167,6438549213;68,3228747333112;15,8674915665613;53165,1018887197;97,7299667072053;22,6970751535259
"2107";477;33564,195181594;70,3651890599456;15,5602996847012;52795,7244613689;110,682860506014;24,4760015917293;646;47537,2728727596;73,5871097101541;15,5383730718791;69693,2748435298;107,884326383173;22,7804423703136;687;50992,8879009375;74,2254554598799;15,8586098963506;72940,9184890917;106,173098237397;22,684370691991
"2108";565;38925,8595821154;68,8953266940096;15,8628407777801;61229,5020273952;108,370800048487;24,9518919296925;713;50725,2281974079;71,1433775559718;14,4962650710202;74367,060973927;104,301628294428;21,2526324028614;850;61433,2101231964;72,2743648508193;12,5945114422085;87874,8970018019;103,382231766826;18,0153599909994
"2110";440;32622,1280325283;74,141200073928;12,0210353886937;51313,8740145732;116,622440942212;18,908818420585;866;64901,2430509981;74,943698673208;10,5486351969215;95150,1820844223;109,873189473929;15,4651053284224;1201;91563,3951097915;76,239296511067;10,5782222365576;130973,522273584;109,053723791494;15,1312325635525
"2201";411;27904,7623045111;67,894798794431;12,6172072387272;43893,5637758675;106,796992155395;19,8465833381021;406;28353,3038134689;69,8357236784948;11,5583387811428;41568,110158177;102,384507778761;16,9454079447291;397;28894,6303951872;72,7824443203708;11,2540755205918;41331,2712259435;104,108995531344;16,0979822678856
"2202";528;20687,5021849008;39,180875350191;15,7345629310182;32540,9758595057;61,6306360975488;24,7501137605604;525;27895,2073258132;53,1337282396442;14,3628995251554;40896,5056994084;77,8981060941113;21,0571083207902;581;33746,5799444021;58,0836143621378;13,5786412030324;48271,565669945;83,083589793365;19,4230725490015
"2204";441;18940,6593556302;42,9493409424721;16,460912371854;29793,2313599723;67,5583477550393;25,8926451018769;492;27601,363045502;56,1003313932968;13,4955778077078;40465,7075288079;82,2473730260322;19,7855484020369;566;33682,3377671258;59,5094306839679;14,9024755991861;48179,6727882284;85,1230967989902;21,3167032249203
"2302";336;16382,9343286446;48,758733120966;17,5079024250848;25769,9873929389;76,6963910504134;27,5395369181442;424;24753,5912565737;58,3811114541833;15,5400729535123;36290,6564586999;85,59117089316;22,7829345266933;467;27873,40723076;59,6860968538758;16,1746326197415;39870,4997603155;85,3758024846157;23,1364138818637
"2303";261;8866,68477428259;33,971972315259;16,1260534535482;13947,0958173175;53,4371487253544;25,3659195513713;238;13241,0726671248;55,6347591055664;15,9612137094946;19412,4244165862;81,5648084730514;23,4003590586611;273;15459,8827179728;56,6296070255415;17,200647968897;22114,0259279538;81,0037579778528;24,6040401535253
"2401";376;16839,3146288672;44,7854112469873;17,1840458441819;26487,8633452682;70,4464450672026;27,030117797029;371;20376,4979596275;54,9231750933357;14,9223273519928;29873,5031866482;80,5215719316662;21,8772722665692;361;20703,9753208027;57,3517321905893;14,078773717879;29615,247114629;82,0366956083906;20,1384688817223
"2402";196;9855,24494301574;50,281861954162;14,6242941461023;15502,0787388368;79,0922384634531;23,0036859219264;247;13166,0198889609;53,3037242468051;13,8774383440702;19302,391308243;78,1473332317529;20,3453851302363;234;13752,5456703392;58,7715626937573;13,5392050692778;19671,8278577684;84,0676404178137;19,3666625683918
"2501";487;33239,7596867364;68,25412666681;13,7154906937576;52285,3947216174;107,36220682057;21,5741585222693;639;45602,6186921775;71,3656004572417;11,942301303593;66856,9239679676;104,627424050028;17,5083263451675;807;59440,7287631648;73,6564173025586;12,2547127316138;85024,8246396436;105,359138339088;17,5293073065478
"2503";138;6719,32330541493;48,6907485899632;18,2077089383587;10569,3445017886;76,5894529115117;28,6403168311196;166;9081,01866073982;54,7049316912037;17,6094074882276;13313,4673307023;80,2016104259172;25,8167370937262;146;8655,28083355042;59,2827454352769;14,6562153026531;12380,6310991183;84,7988431446458;20,9644491566391
"2601";221;9644,37923655732;43,6397250522955;18,9015712634456;15170,391723066;68,6443064392128;29,7317466697084;230;12516,2017047794;54,4182682816494;16,4720278098955;18349,7081909404;79,7813399606103;24,1492515664092;262;13173,4617414307;50,2803883260715;20,8867653400187;18843,498351526;71,9217494333054;29,8767124373648
"2603";127;5080,30509137389;40,0024022942826;21,7851882491042;7991,20569799782;62,9228795117939;34,267611361332;162;8499,63977629893;52,4669121993761;17,180951427818;12461,1214569704;76,9205028208048;25,1885877664304;205;10587,5858282483;51,6467601377964;18,8721605197892;15144,6263721087;73,8762262054081;26,9949943776707
"2701";412;25391,2606480839;61,6292734176794;16,9892330864083;39939,8821765334;96,9414615935276;26,7236817086517;512;33664,8655450864;65,751690517747;15,03358397257;49355,2655678034;96,3970030621161;22,0403829745984;473;31576,6898599592;66,7583295136557;15,5295777994283;45167,7254621279;95,4920200044988;22,2137187177681
"2705";306;12546,4258044464;41,0013915177986;16,8261768969968;19735,2457332212;64,4942671020302;26,4671979883863;328;14929,1937096905;45,5158344807636;17,3833277130753;21887,338871683;66,7296916819605;25,4852868662715;308;16735,6924915898;54,3366639337332;14,5349676674479;23938,9615324202;77,7239010792863;20,7910148947146
"2706";52;3607,20161150969;69,3692617598016;14,7054692514721;5674,04704112516;109,116289252407;23,1313725377693;87;5992,99179336965;68,8849631421798;14,4261231098253;8786,18395523629;100,99062017513;21,1497989274808;90;6295,79128402549;69,9532364891722;16,4944633474573;9005,58524483951;100,062058275995;23,593904092772
"2801";194;10082,2227190495;51,9702202012859;16,8722085439275;15859,1096778328;81,7479880300662;26,5396047341673;184;11033,1612442989;59,9628328494505;13,7383528712786;16175,4575414975;87,9100953342256;20,1414751981719;196;12191,7680515192;62,2028982220365;15,7121722680246;17439,2703823982;88,9758692979501;22,4749043222453
"2901";452;24482,0879848242;54,16391147085;18,3447031364405;38509,7740164071;85,1986150805467;28,8558056249249;473;29417,7655286885;62,1940074602295;13,4570439245121;43128,6923791594;91,181167820633;19,7290547845016;532;31018,9091300857;58,306220169334;16,805995802936;44369,8683407285;83,4020081592641;24,0395243425198
"2902";164;7160,13731629945;43,6593738798747;15,9922235552867;11262,735030936;68,675213603268;25,1554081300463;178;8537,62109485166;47,9641634542228;16,472599264995;12516,804972512;70,319129059056;24,1500893632558;202;10873,8677310449;53,8310283715092;14,4604807151229;15554,1278888173;77,000633112957;20,6844677478145
"2906";115;3281,08990180374;28,5312165374239;14,2699653069478;5161,08065310039;44,8789622008729;22,4463346236305;71;3806,35570922248;53,610643791866;11,7258824083281;5580,40835251814;78,5973007396921;17,1910397059149;76;3915,2696034055;51,5167053079671;14,9423231680004;5600,4547449757;73,6901940128381;21,3737017278197
"3001";271;14606,2816575255;53,8977182934521;18,3147875720462;22975,3526823353;84,7798991968093;28,8087491146669;306;19854,999175302;64,885618219941;13,8104328865521;29108,9461157398;95,1272748880385;20,2471500089383;339;22433,6083505307;66,1758358422734;13,7009190287553;32089,3376600109;94,6588131563743;19,5979804094154
"3003";192;7951,84267515695;41,4158472664425;17,6725004431213;12508,0697620291;65,1461966772351;27,7984459001749;143;8426,41526432417;58,9259808693998;12,4635873085931;12353,7687265771;86,3899910949448;18,2725714653241;199;12076,0219626366;60,6835274504352;15,5280499746949;17273,7056069532;86,8025407384582;22,2115332965471
"3004";143;5679,89156589168;39,719521439802;17,6433440470584;8934,3417430642;62,4779142871622;27,7525835446351;148;7582,81772838742;51,2352549215366;12,6101017703653;11116,9902709275;75,1147991278886;18,4873728629594;186;10156,9333729974;54,6071686720289;15,3159069015667;14528,6152590177;78,1108347259014;21,9080809673687
"3101";364;21401,4127567165;58,7950899909794;19,173199685624;33663,9411394928;92,4833547788264;30,1590120712954;502;32624,4043008734;64,9888531889909;15,3438500814299;47829,8698714396;95,2786252419116;22,4952568008122;530;35704,6849509895;67,3673300962066;15,4065786315796;51072,4656298775;96,363142697882;22,0377790397937
"3103";240;12161,4908298456;50,6728784576898;19,1664065894082;19129,7516719272;79,70729863303;30,148326683664;272;15504,4730434282;57,0017391302508;14,8170943240313;22730,7423379547;83,5689056542453;21,7229926056395;282;17583,3430810284;62,3522804291788;15,1220039774993;25151,4524325548;89,1895476331731;21,6307195948049
"3106";78;3208,68117083152;41,1369380875836;19,3268706699424;5047,18334710738;64,707478809069;30,4007330749388;81;4384,90501058538;54,1346297603134;16,4364838122033;6428,60584122015;79,3655042125944;24,0971413495099;86;4398,07495055467;51,1404064017985;18,00972163556;6291,06606200718;73,1519309535719;25,7613501000885
"3201";261;14816,1992090778;56,7670467780757;12,885130355015;23305,5482717542;89,2932883975258;20,2680203768224;273;16089,5656407313;58,9361378781365;12,7938780848812;23588,5327985455;86,4048820459544;18,7568029842785;274;15328,7869504854;55,9444779214794;14,3802461410079;21926,5047640389;80,0237400147403;20,5696991247489
"3202";176;9191,98224738804;52,2271718601593;12,2289073018246;14458,7814294746;82,1521672129239;19,2357962667553;160;8752,88363577002;54,7055227235626;12,370079085719;12832,3963079236;80,2024769245222;18,1354812646654;177;9826,65203387192;55,5178081009713;13,8455326716942;14056,1763518034;79,4134257164033;19,804837725724
"3203";9;450,936953594085;50,1041059548983;13,6268770771476;709,313690454821;78,8126322727579;21,4347712954713;10;517,837561866213;51,7837561866213;4,65965915378581;759,189438991272;75,9189438991272;6,83141641194261;2;114,998607093;57,4993035465001;15,060779241332;164,495567354902;82,2477836774508;21,5431429017772
"3301";208;11151,1158655051;53,6111339687745;17,0573372926241;17540,4545673377;84,3291084968159;26,8308080939734;220;13548,0020383209;61,5818274469131;14,7393509648262;19862,4063303905;90,2836651381385;21,6090148998748;213;12591,6253681219;59,1156120569105;15,6106961583781;18011,231711481;84,5597732933381;22,3297515186486
"3302";160;6156,73461122365;38,4795913201478;17,8301296970207;9684,40513342585;60,5275320839116;28,0463931728831;196;10011,6762772784;51,0799810065224;16,2856182941479;14677,8825176705;74,8871557024006;23,8759609708545;192;10853,7781500936;56,5300945317376;13,9143901476324;15525,3914797422;80,8614139569906;19,9033323932457
"0511";;;;;;;;848;54754,6021051305;64,5691062560502;11,5233564138373;80274,4310485612;94,6632441610392;16,8941211208967;1246;86183,2636782748;69,1679483774276;11,9269262038545;123277,70930121;98,9387715097991;17,0604370113497
